OrderID,CustomerName,City,Category,Quantity,Price,OrderDate
1001,Priya Smith,Bangalore,Furniture,2,3735.06,2025-10-07
1002,Priya Khan,Mumbai,Groceries,2,3636.89,2025-08-03
1003,John Chen,Chennai,Furniture,2,1233.51,2025-02-22
1004,Emma Patel,Bangalore,Groceries,5,799.17,2025-02-10
1005,Emma Patel,Mumbai,Electronics,3,1293.91,2025-02-10
1006,Aisha Brown,Mumbai,Clothing,2,3416.84,2025-02-06
1007,Aisha Lee,Bangalore,Clothing,1,1299.43,2025-06-11
1008,Sara Brown,Mumbai,Clothing,3,2402.49,2025-05-07
1009,Sara Lee,Bangalore,Electronics,5,2568.88,2025-02-26
1010,Noah Patel,Delhi,Clothing,5,4981.38,2025-10-11
1011,Liam Garcia,Bangalore,Furniture,4,959.16,2025-05-15
1012,Carlos Wilson,Mumbai,Clothing,2,2789.02,2025-09-29
1013,Priya Brown,Bangalore,Electronics,2,4414.45,2025-02-13
1014,Liam Chen,Mumbai,Groceries,2,1472.27,2025-08-05
1015,Fatima Garcia,Chennai,Clothing,4,4518.15,2025-05-07
1016,Liam Khan,Mumbai,Electronics,3,3229.29,2025-01-17
1017,Aisha Khan,Mumbai,Furniture,4,4075.99,2025-02-19
1018,John Sharma,Delhi,Clothing,1,1393.55,2025-08-18
1019,Fatima Sharma,Chennai,Electronics,1,3330.3,2025-01-08
1020,Wei Lee,Chennai,Furniture,4,4531.73,2025-01-02
1021,Aisha Garcia,Chennai,Groceries,3,3648.36,2025-06-01
1022,Liam Smith,Bangalore,Electronics,5,2488.58,2025-09-29
1023,Wei Sharma,Delhi,Clothing,1,4719.66,2025-10-24
1024,Sara Patel,Bangalore,Furniture,3,3637.72,2025-07-22
1025,Emma Sharma,Delhi,Groceries,5,4981.26,2025-04-20
1026,Priya Khan,Bangalore,Electronics,4,4201.98,2025-09-28
1027,Priya Chen,Bangalore,Electronics,3,2855.47,2025-04-18
1028,Carlos Wilson,Chennai,Electronics,1,3244.57,2025-01-23
1029,Carlos Chen,Chennai,Clothing,5,246.41,2025-03-18
1030,Wei Lee,Mumbai,Furniture,3,4515.11,2025-01-21
1031,Unknown,Chennai,Electronics,2,4350.11,2025-04-01
1032,Emma Lee,Mumbai,Electronics,3,718.86,2025-08-29
1033,Emma Garcia,Mumbai,Electronics,3,1127.02,2025-02-05
1034,Liam Brown,Delhi,Furniture,2,2986.83,2025-01-20
1035,Emma Lee,Delhi,Groceries,2,1422.67,2025-01-01
1036,Emma Patel,Bangalore,Furniture,5,1684.57,2025-07-26
1037,Noah Chen,Bangalore,Groceries,1,1658.6,2025-10-24
1038,Fatima Wilson,Chennai,Electronics,3,607.02,2025-06-21
1039,Carlos Khan,Mumbai,Electronics,1,1375.24,2025-02-07
1040,Fatima Lee,Chennai,Furniture,2,3349.08,2025-02-24
1041,Liam Ahmed,Delhi,Furniture,1,2391.02,2025-09-29
1042,Sara Wilson,Chennai,Groceries,2,3769.55,2025-05-13
1043,Liam Ahmed,Mumbai,Groceries,1,3625.02,2025-06-21
1044,Wei Khan,Chennai,Electronics,3,1226.97,2025-06-19
1045,Noah Lee,Delhi,Clothing,4,228.3,2025-07-19
1046,Sara Khan,Chennai,Furniture,4,2531.08,2025-07-27
1047,Sara Wilson,Delhi,Groceries,5,3382.4,2025-08-08
1048,Carlos Lee,Bangalore,Groceries,3,1820.0,2025-05-23
1049,John Wilson,Delhi,Furniture,3,529.37,2025-01-21
1050,John Patel,Mumbai,Electronics,4,3413.4,2025-04-22
1051,Wei Patel,Delhi,Furniture,1,2977.69,2025-10-22
1052,Priya Patel,Mumbai,Furniture,3,3081.98,2025-10-17
1053,Emma Sharma,Bangalore,Clothing,4,706.59,2025-08-24
1054,Carlos Patel,Chennai,Clothing,3,3043.88,2025-05-06
1055,Aisha Patel,Chennai,Electronics,4,4284.57,2025-04-19
1056,Sara Garcia,Delhi,Furniture,1,1358.51,2025-10-12
1057,Aisha Ahmed,Delhi,Furniture,2,2141.13,2025-10-25
1058,Noah Wilson,Bangalore,Groceries,3,1671.79,2025-04-09
1059,Wei Khan,Mumbai,Furniture,3,3030.02,2025-05-25
1060,Emma Chen,Bangalore,Groceries,2,1516.69,2025-10-11
1061,Aisha Sharma,Delhi,Furniture,4,2497.83,2025-01-27
1062,Priya Lee,Chennai,Groceries,3,3494.96,2025-10-16
1063,Liam Lee,Mumbai,Groceries,4,1627.3,2025-08-08
1064,Priya Khan,Mumbai,Electronics,2,1351.35,2025-03-22
1065,Aisha Garcia,Delhi,Furniture,3,1557.05,2025-02-06
1066,Sara Khan,Chennai,Groceries,2,3308.65,2025-03-14
1067,Sara Patel,Bangalore,Electronics,4,3505.65,2025-05-20
1068,Noah Brown,Bangalore,Electronics,2,4817.17,2025-10-22
1069,Carlos Patel,Delhi,Groceries,5,3327.25,2025-04-03
1070,Priya Ahmed,Bangalore,Clothing,3,3416.64,2025-06-18
1071,Noah Wilson,Delhi,Electronics,3,1411.51,2025-07-26
1072,Noah Smith,Mumbai,Groceries,4,3201.96,2025-04-15
1073,Aisha Ahmed,Delhi,Groceries,2,3606.96,2025-01-08
1074,Priya Ahmed,Delhi,Groceries,3,1600.94,2025-08-01
1075,Liam Chen,Chennai,Groceries,5,3782.2,2025-02-05
1076,Emma Wilson,Bangalore,Furniture,3,1633.07,2025-09-08
1077,Emma Wilson,Chennai,Clothing,2,4907.72,2025-07-16
1078,Emma Ahmed,Chennai,Electronics,4,4831.16,2025-06-19
1079,Liam Ahmed,Delhi,Clothing,3,4855.79,2025-05-16
1080,Priya Brown,Chennai,Groceries,5,372.32,2025-05-28
1081,Priya Sharma,Chennai,Furniture,1,420.76,2025-05-31
1082,Liam Lee,Mumbai,Electronics,1,3125.56,2025-05-04
1083,Aisha Garcia,Chennai,Electronics,4,4525.81,2025-03-22
1084,Sara Garcia,Chennai,Furniture,4,4257.46,2025-07-16
1085,Emma Patel,Bangalore,Electronics,3,2099.87,2025-01-26
1086,Fatima Patel,Bangalore,Furniture,5,1403.01,2025-03-12
1087,Carlos Ahmed,Delhi,Clothing,3,830.78,2025-06-17
1088,Liam Brown,Bangalore,Furniture,4,4843.44,2025-06-23
1089,Fatima Lee,Bangalore,Clothing,1,1469.4,2025-07-08
1090,Emma Sharma,Mumbai,Electronics,5,4444.33,2025-04-24
1091,Carlos Lee,Delhi,Electronics,1,1660.95,2025-02-19
1092,Aisha Brown,Chennai,Electronics,4,3343.63,2025-07-28
1093,Aisha Ahmed,Mumbai,Electronics,3,1963.21,2025-07-03
1094,Priya Ahmed,Delhi,Groceries,1,442.78,2025-03-06
1095,Fatima Patel,Mumbai,Clothing,2,3985.49,2025-05-22
1096,Wei Sharma,Delhi,Electronics,3,3991.93,2025-06-15
1097,Noah Wilson,Delhi,Groceries,4,3934.48,2025-02-25
1098,John Wilson,Bangalore,Electronics,1,4993.22,2025-08-07
1099,Priya Sharma,Bangalore,Electronics,2,1520.08,2025-10-08
1100,Carlos Ahmed,Chennai,Electronics,3,3324.4,2025-04-21
1101,Emma Ahmed,Chennai,Electronics,3,2248.47,2025-07-11
1102,Priya Sharma,Delhi,Electronics,3,3746.22,2025-10-12
1103,Emma Sharma,Chennai,Clothing,3,446.94,2025-06-09
1104,Wei Ahmed,Mumbai,Clothing,5,1964.29,2025-10-21
1105,Sara Patel,Delhi,Furniture,1,1066.0,2025-06-08
1106,Wei Patel,Chennai,Electronics,3,3239.23,2025-09-29
1107,Wei Brown,Bangalore,Groceries,5,607.79,2025-03-22
1108,Noah Ahmed,Chennai,Furniture,2,3823.73,2025-08-09
1109,Aisha Wilson,Bangalore,Furniture,4,4925.34,2025-04-15
1110,Carlos Garcia,Bangalore,Electronics,4,3785.67,2025-07-14
1111,Emma Sharma,Chennai,Electronics,4,289.96,2025-06-10
1112,Noah Garcia,Delhi,Electronics,3,1024.99,2025-08-24
1113,Fatima Lee,Chennai,Electronics,4,4378.52,2025-04-24
1114,Priya Wilson,Mumbai,Clothing,3,4799.47,2025-03-17
1115,Wei Patel,Mumbai,Electronics,3,2571.76,2025-10-24
1116,Sara Brown,Bangalore,Groceries,1,2450.82,2025-05-21
1117,Aisha Ahmed,Delhi,Clothing,3,568.31,2025-02-16
1118,John Ahmed,Mumbai,Groceries,4,2606.56,2025-08-19
1119,Priya Wilson,Mumbai,Furniture,3,2301.24,2025-09-25
1120,Noah Lee,Bangalore,Clothing,1,1782.52,2025-07-17
1121,Sara Chen,Bangalore,Groceries,3,878.86,2025-07-20
1122,Carlos Wilson,Chennai,Clothing,2,3416.56,2025-09-27
1123,Emma Smith,Bangalore,Electronics,2,1840.32,2025-04-09
1124,Carlos Sharma,Delhi,Groceries,2,3066.78,2025-04-03
1125,Emma Khan,Chennai,Furniture,3,3962.24,2025-05-03
1126,Fatima Brown,Chennai,Furniture,4,2613.95,2025-03-24
1127,Carlos Smith,Chennai,Groceries,1,3614.72,2025-03-05
1128,Aisha Wilson,Mumbai,Electronics,2,4120.18,2025-01-14
1129,Fatima Lee,Delhi,Furniture,1,1729.69,2025-06-21
1130,Aisha Chen,Chennai,Groceries,1,4548.12,2025-04-21
1131,Liam Lee,Delhi,Furniture,3,784.87,2025-08-23
1132,Sara Wilson,Delhi,Groceries,2,3649.01,2025-01-01
1133,Priya Wilson,Bangalore,Groceries,5,2635.17,2025-10-11
1134,Noah Brown,Bangalore,Clothing,1,1855.05,2025-02-23
1135,Emma Chen,Chennai,Groceries,3,1074.93,2025-08-23
1136,Fatima Smith,Bangalore,Groceries,4,4947.79,2025-05-10
1137,Emma Smith,Bangalore,Electronics,3,2297.37,2025-08-14
1138,Aisha Brown,Bangalore,Clothing,1,2266.91,2025-04-03
1139,Carlos Garcia,Chennai,Clothing,2,3510.87,2025-01-22
1140,John Sharma,Chennai,Groceries,3,3461.17,2025-03-15
1141,Emma Brown,Chennai,Electronics,5,936.5,2025-07-09
1142,Wei Wilson,Bangalore,Clothing,3,1537.71,2025-01-14
1143,Liam Sharma,Bangalore,Groceries,2,4982.55,2025-09-09
1144,Aisha Chen,Chennai,Clothing,3,1867.64,2025-10-05
1145,Wei Brown,Mumbai,Furniture,2,1336.33,2025-07-04
1146,Wei Patel,Delhi,Furniture,4,4998.06,2025-09-27
1147,Priya Chen,Bangalore,Groceries,4,3464.52,2025-10-10
1148,Liam Smith,Delhi,Electronics,3,990.35,2025-04-26
1149,Carlos Sharma,Bangalore,Groceries,3,800.82,2025-10-01
1150,Sara Chen,Mumbai,Groceries,1,4161.13,2025-01-24
1151,Noah Patel,Delhi,Groceries,3,3281.15,2025-05-06
1152,John Chen,Chennai,Groceries,4,1179.31,2025-06-10
1153,Noah Chen,Bangalore,Clothing,2,2439.07,2025-05-07
1154,Noah Patel,Chennai,Electronics,3,4682.01,2025-04-08
1155,Aisha Garcia,Chennai,Electronics,4,2626.13,2025-04-21
1156,Sara Ahmed,Bangalore,Electronics,4,842.89,2025-07-07
1157,Sara Wilson,Mumbai,Groceries,3,552.95,2025-10-09
1158,Sara Sharma,Mumbai,Clothing,3,4015.51,2025-07-07
1159,Liam Smith,Delhi,Electronics,3,1798.6,2025-08-22
1160,Emma Patel,Bangalore,Clothing,5,3748.73,2025-06-22
1161,John Brown,Bangalore,Clothing,5,1676.85,2025-01-14
1162,Sara Patel,Mumbai,Groceries,4,1018.46,2025-07-14
1163,Sara Sharma,Mumbai,Groceries,3,2210.15,2025-04-15
1164,Aisha Smith,Mumbai,Groceries,3,4990.99,2025-07-12
1165,Liam Brown,Bangalore,Groceries,4,1122.87,2025-10-13
1166,Carlos Garcia,Mumbai,Clothing,4,1874.26,2025-05-21
1167,Noah Lee,Bangalore,Furniture,1,1580.63,2025-06-27
1168,Fatima Khan,Bangalore,Electronics,1,3155.25,2025-05-05
1169,Fatima Smith,Delhi,Clothing,3,2467.54,2025-03-12
1170,Wei Lee,Chennai,Furniture,3,1741.6,2025-02-15
1171,Unknown,Chennai,Electronics,4,3982.21,2025-05-29
1172,Priya Brown,Bangalore,Groceries,5,2570.78,2025-09-16
1173,Emma Chen,Chennai,Furniture,3,1093.76,2025-06-01
1175,Noah Khan,Chennai,Clothing,3,2995.81,2025-05-14
1176,Priya Ahmed,Bangalore,Clothing,3,2612.1,2025-06-09
1177,Emma Patel,Mumbai,Electronics,4,935.29,2025-07-11
1178,Liam Khan,Mumbai,Groceries,4,2735.23,2025-10-16
1179,Liam Khan,Mumbai,Clothing,5,2320.83,2025-10-26
1180,John Ahmed,Mumbai,Groceries,5,477.14,2025-06-07
